SongName;c1,c2
deut3773;14.218421795173104,-4.649269596443803
deut3774;15.754852112076582,2.485052602409943
deut3775;9.588238988118583,-16.343600249128052
deut3776;13.378151902937116,-6.532625955267272
deut3777;13.828826478270734,-0.6149809595343944
deut3778;9.59051651671755,0.8827703416491265
deut3779;-6.246876348600805,-22.502801153038625
deut3780;-7.209065124707535,5.451269294775684
deut3781;0.7580054908002778,-9.744431686609897
