id;val
0;-0.999999
1;-0.999999,0
2;-0.999999,0,0.999999