id;val
0;-0.999999
1;0
2;0.999999
3;0.999999999999